Provinsi,Kab/Kota,Cluster,Kategori,Persentase Penduduk Miskin (P0) Menurut Kabupaten/Kota (Persen),Pengeluaran per Kapita Disesuaikan (Ribu Rupiah/Orang/Tahun),Umur Harapan Hidup (Tahun)
ACEH,Simeulue,1,Sangat Miskin,18.98,7148,65.28
ACEH,Aceh Singkil,1,Sangat Miskin,20.36,8776,67.43
ACEH,Aceh Selatan,1,Sangat Miskin,13.18,8180,64.4
ACEH,Aceh Tenggara,0,Miskin,13.41,8030,68.22
ACEH,Aceh Timur,0,Miskin,14.45,8577,68.74
ACEH,Aceh Tengah,0,Miskin,15.26,10780,68.86
ACEH,Aceh Barat,1,Sangat Miskin,18.81,9593,67.99
ACEH,Aceh Besar,0,Miskin,14.05,9644,69.79
ACEH,Pidie,1,Sangat Miskin,19.59,9860,66.95
ACEH,Bireuen,0,Miskin,13.25,8867,71.26
ACEH,Aceh Utara,1,Sangat Miskin,17.43,8201,68.81
ACEH,Aceh Barat Daya,1,Sangat Miskin,16.34,8428,65.06
ACEH,Gayo Lues,1,Sangat Miskin,19.64,8856,65.53
ACEH,Aceh Tamiang,0,Miskin,13.34,8367,69.63
ACEH,Nagan Raya,1,Sangat Miskin,18.23,8292,69.24
ACEH,Aceh Jaya,0,Miskin,13.23,9666,67.19
ACEH,Bener Meriah,1,Sangat Miskin,19.16,11118,69.26
ACEH,Pidie Jaya,1,Sangat Miskin,19.55,10290,70.18
ACEH,Kota Banda Aceh,0,Miskin,7.61,16891,71.52
ACEH,Kota Sabang,0,Miskin,15.32,11378,70.56
ACEH,Kota Langsa,0,Miskin,10.96,12067,69.43
ACEH,Kota Lhokseumawe,0,Miskin,11.16,11390,71.64
ACEH,Kota Subulussalam,1,Sangat Miskin,17.65,7385,64.07
SUMATERA UTARA,Nias,1,Sangat Miskin,16.82,6995,69.78
SUMATERA UTARA,Mandailing Natal,1,Sangat Miskin,9.49,9771,62.65
SUMATERA UTARA,Tapanuli Selatan,0,Miskin,8.8,11304,64.97
SUMATERA UTARA,Tapanuli Tengah,0,Miskin,12.67,10138,67.24
SUMATERA UTARA,Tapanuli Utara,0,Miskin,9.72,11710,68.76
SUMATERA UTARA,Toba Samosir,0,Miskin,8.99,12224,70.29
SUMATERA UTARA,Labuhan Batu,0,Miskin,8.74,11212,69.95
SUMATERA UTARA,Asahan,0,Miskin,9.35,11030,68.37
SUMATERA UTARA,Simalungun,0,Miskin,8.81,11376,71.37
SUMATERA UTARA,Dairi,0,Miskin,8.31,10504,69.19
SUMATERA UTARA,Karo,0,Miskin,8.79,12412,71.58
SUMATERA UTARA,Deli Serdang,0,Miskin,4.01,12291,71.77
SUMATERA UTARA,Langkat,0,Miskin,10.12,11142,68.97
SUMATERA UTARA,Nias Selatan,1,Sangat Miskin,16.92,7041,68.86
SUMATERA UTARA,Humbang Hasundutan,0,Miskin,9.65,8016,69.51
SUMATERA UTARA,Pakpak Bharat,0,Miskin,9.35,8254,65.96
SUMATERA UTARA,Samosir,0,Miskin,12.68,8504,71.41
SUMATERA UTARA,Serdang Bedagai,0,Miskin,8.3,11017,68.82
SUMATERA UTARA,Batu Bara,0,Miskin,12.38,10539,67.13
SUMATERA UTARA,Padang Lawas Utara,0,Miskin,9.92,10055,67.22
SUMATERA UTARA,Padang Lawas,0,Miskin,8.69,8921,67.13
SUMATERA UTARA,Labuhan Batu Selatan,0,Miskin,8.53,11562,68.81
SUMATERA UTARA,Labuhan Batu Utara,0,Miskin,10.02,11840,69.56
SUMATERA UTARA,Nias Utara,1,Sangat Miskin,25.66,6155,69.55
SUMATERA UTARA,Nias Barat,1,Sangat Miskin,26.42,5924,69.08
SUMATERA UTARA,Kota Sibolga,0,Miskin,12.33,11540,69.25
SUMATERA UTARA,Kota Tanjung Balai,1,Sangat Miskin,13.4,11225,63.44
SUMATERA UTARA,Kota Pematang Siantar,0,Miskin,8.52,12436,73.77
SUMATERA UTARA,Kota Tebing Tinggi,0,Miskin,10.3,12939,70.95
SUMATERA UTARA,Kota Medan,0,Miskin,8.34,14999,73.23
SUMATERA UTARA,Kota Binjai,0,Miskin,5.81,11063,72.45
SUMATERA UTARA,Kota Padangsidimpuan,0,Miskin,7.53,10965,69.5
SUMATERA UTARA,Kota Gunungsitoli,0,Miskin,16.45,8134,71.32
SUMATERA BARAT,Kepulauan Mentawai,1,Sangat Miskin,14.84,6321,64.73
SUMATERA BARAT,Pesisir Selatan,0,Miskin,7.92,9270,70.96
SUMATERA BARAT,Solok,0,Miskin,8.01,10215,68.79
SUMATERA BARAT,Sijunjung,0,Miskin,6.8,10389,66.36
SUMATERA BARAT,Tanah Datar,0,Miskin,4.54,10616,70.12
SUMATERA BARAT,Padang Pariaman,0,Miskin,7.22,11050,68.97
SUMATERA BARAT,Agam,0,Miskin,6.85,9662,72.53
SUMATERA BARAT,Lima Puluh Kota,0,Miskin,7.29,9668,69.84
SUMATERA BARAT,Pasaman,0,Miskin,7.48,8440,67.59
SUMATERA BARAT,Solok Selatan,0,Miskin,7.52,10367,68.01
SUMATERA BARAT,Dharmasraya,0,Miskin,6.67,11324,71.53
SUMATERA BARAT,Pasaman Barat,0,Miskin,7.51,9089,67.94
SUMATERA BARAT,Kota Padang,0,Miskin,4.94,14540,73.69
SUMATERA BARAT,Kota Solok,0,Miskin,3.12,12168,73.73
SUMATERA BARAT,Kota Sawah Lunto,0,Miskin,2.38,10195,70.1
SUMATERA BARAT,Kota Padang Panjang,0,Miskin,5.92,10754,72.82
SUMATERA BARAT,Kota Bukittinggi,0,Miskin,5.14,13331,74.5
SUMATERA BARAT,Kota Payakumbuh,0,Miskin,6.16,13317,73.84
SUMATERA BARAT,Kota Pariaman,0,Miskin,4.38,12818,70.38
RIAU,Kuantan Singingi,0,Miskin,8.97,10309,68.6
RIAU,Indragiri Hulu,0,Miskin,6.18,10260,70.26
RIAU,Indragiri Hilir,0,Miskin,6.18,9945,67.98
RIAU,Pelalawan,0,Miskin,9.63,11672,71.24
RIAU,Siak,0,Miskin,5.18,11807,71.13
RIAU,Kampar,0,Miskin,7.82,10858,70.83
RIAU,Rokan Hulu,0,Miskin,10.4,9406,70.18
RIAU,Bengkalis,0,Miskin,6.64,11415,71.24
RIAU,Rokan Hilir,0,Miskin,7.18,9417,70.39
RIAU,Kepulauan Meranti,1,Sangat Miskin,25.68,7780,67.78
RIAU,Kota Pekanbaru,0,Miskin,2.83,14360,72.41
RIAU,Kota Dumai,0,Miskin,3.42,11818,70.98
JAMBI,Kerinci,0,Miskin,7.71,10184,70.0
JAMBI,Merangin,0,Miskin,9.11,10380,71.29
JAMBI,Sarolangun,0,Miskin,8.87,11792,69.21
JAMBI,Batang Hari,0,Miskin,10.05,10032,70.64
JAMBI,Muaro Jambi,0,Miskin,4.53,8825,71.32
JAMBI,Tanjung Jabung Timur,0,Miskin,11.39,9163,66.34
JAMBI,Tanjung Jabung Barat,0,Miskin,10.75,9699,68.17
JAMBI,Tebo,0,Miskin,6.68,10546,70.02
JAMBI,Bungo,0,Miskin,6.23,11670,67.83
JAMBI,Kota Jambi,0,Miskin,9.02,12240,72.71
JAMBI,Kota Sungai Penuh,0,Miskin,3.41,10454,72.21
SUMATERA SELATAN,Ogan Komering Ulu,0,Miskin,12.62,10040,68.24
SUMATERA SELATAN,Ogan Komering Ilir,0,Miskin,14.68,10755,68.67
SUMATERA SELATAN,Muara Enim,0,Miskin,12.32,10995,69.02
SUMATERA SELATAN,Lahat,1,Sangat Miskin,16.46,9735,66.16
SUMATERA SELATAN,Musi Rawas,0,Miskin,13.89,9550,68.26
SUMATERA SELATAN,Musi Banyuasin,0,Miskin,15.84,10140,68.84
SUMATERA SELATAN,Banyu Asin,0,Miskin,10.75,9860,69.06
SUMATERA SELATAN,Ogan Komering Ulu Selatan,0,Miskin,11.12,8585,67.07
SUMATERA SELATAN,Ogan Komering Ulu Timur,0,Miskin,10.6,11531,69.17
SUMATERA SELATAN,Ogan Ilir,1,Sangat Miskin,13.82,10454,65.6
SUMATERA SELATAN,Empat Lawang,1,Sangat Miskin,13.35,9400,65.13
SUMATERA SELATAN,Penukal Abab Lematang Ilir,0,Miskin,12.91,8210,68.33
SUMATERA SELATAN,Musi Rawas Utara,1,Sangat Miskin,20.11,9855,65.76
SUMATERA SELATAN,Kota Palembang,0,Miskin,11.34,14704,71.01
SUMATERA SELATAN,Kota Prabumulih,0,Miskin,12.2,12752,70.47
SUMATERA SELATAN,Kota Pagar Alam,0,Miskin,9.4,8877,66.85
SUMATERA SELATAN,Kota Lubuklinggau,0,Miskin,13.23,13267,69.39
BENGKULU,Bengkulu Selatan,1,Sangat Miskin,18.16,9916,67.93
BENGKULU,Rejang Lebong,0,Miskin,15.85,10323,68.75
BENGKULU,Bengkulu Utara,0,Miskin,11.61,10410,68.27
BENGKULU,Kaur,1,Sangat Miskin,18.62,8638,66.73
BENGKULU,Seluma,1,Sangat Miskin,18.72,8256,67.9
BENGKULU,Mukomuko,0,Miskin,11.93,10405,66.73
BENGKULU,Lebong,1,Sangat Miskin,12.0,11317,63.4
BENGKULU,Kepahiang,0,Miskin,14.83,9377,68.08
BENGKULU,Bengkulu Tengah,0,Miskin,9.68,9471,68.19
BENGKULU,Kota Bengkulu,0,Miskin,17.89,14108,70.2
LAMPUNG,Lampung Barat,0,Miskin,12.82,9969,67.65
LAMPUNG,Tanggamus,0,Miskin,11.81,9266,68.67
LAMPUNG,Lampung Selatan,0,Miskin,14.19,9931,69.42
LAMPUNG,Lampung Timur,0,Miskin,15.08,10026,70.78
LAMPUNG,Lampung Tengah,0,Miskin,11.99,11259,69.87
LAMPUNG,Lampung Utara,1,Sangat Miskin,19.63,8737,69.3
LAMPUNG,Way Kanan,0,Miskin,13.09,9173,69.46
LAMPUNG,Tulangbawang,0,Miskin,9.67,10735,70.01
LAMPUNG,Pesawaran,1,Sangat Miskin,15.11,7934,69.15
LAMPUNG,Pringsewu,0,Miskin,10.11,10302,70.27
LAMPUNG,Mesuji,0,Miskin,7.54,7980,68.26
LAMPUNG,Tulang Bawang Barat,0,Miskin,8.32,8422,70.03
LAMPUNG,Pesisir Barat,1,Sangat Miskin,14.81,8533,63.66
LAMPUNG,Kota Bandar Lampung,0,Miskin,9.11,12247,71.42
LAMPUNG,Kota Metro,0,Miskin,8.93,11916,71.66
KEP. BANGKA BELITUNG,Bangka,0,Miskin,4.81,12424,71.14
KEP. BANGKA BELITUNG,Belitung,0,Miskin,7.15,13563,71.1
KEP. BANGKA BELITUNG,Bangka Barat,0,Miskin,2.75,12269,70.08
KEP. BANGKA BELITUNG,Bangka Tengah,0,Miskin,5.13,12945,71.52
KEP. BANGKA BELITUNG,Bangka Selatan,0,Miskin,3.69,11768,68.35
KEP. BANGKA BELITUNG,Belitung Timur,0,Miskin,7.2,11760,72.1
KEP. BANGKA BELITUNG,Kota Pangkal Pinang,0,Miskin,4.76,15716,73.41
KEPULAUAN RIAU,Karimun,0,Miskin,6.85,11879,71.11
KEPULAUAN RIAU,Bintan,0,Miskin,6.42,14393,70.46
KEPULAUAN RIAU,Natuna,0,Miskin,4.95,14711,65.31
KEPULAUAN RIAU,Lingga,1,Sangat Miskin,13.93,11938,62.39
KEPULAUAN RIAU,Kepulauan Anambas,0,Miskin,7.09,11950,67.36
KEPULAUAN RIAU,Kota Batam,0,Miskin,5.05,18034,73.36
KEPULAUAN RIAU,Kota Tanjung Pinang,0,Miskin,9.57,15439,72.18
DKI JAKARTA,Kepulauan Seribu,0,Miskin,15.06,12587,68.99
DKI JAKARTA,Kota Jakarta Selatan,0,Miskin,3.56,23888,74.2
DKI JAKARTA,Kota Jakarta Timur,0,Miskin,4.28,17733,74.54
DKI JAKARTA,Kota Jakarta Pusat,0,Miskin,4.94,17365,74.19
DKI JAKARTA,Kota Jakarta Barat,0,Miskin,4.31,20801,73.69
DKI JAKARTA,Kota Jakarta Utara,0,Miskin,7.24,18762,73.35
JAWA BARAT,Bogor,0,Miskin,8.13,10410,71.36
JAWA BARAT,Sukabumi,0,Miskin,7.7,8850,71.21
JAWA BARAT,Cianjur,0,Miskin,11.18,8052,70.32
JAWA BARAT,Bandung,0,Miskin,7.15,10307,73.72
JAWA BARAT,Garut,0,Miskin,10.65,7961,71.59
JAWA BARAT,Tasikmalaya,0,Miskin,11.15,7829,69.67
JAWA BARAT,Ciamis,0,Miskin,7.97,9259,72.02
JAWA BARAT,Kuningan,0,Miskin,13.1,9409,73.78
JAWA BARAT,Cirebon,0,Miskin,12.3,10368,72.18
JAWA BARAT,Majalengka,0,Miskin,12.33,9591,70.46
JAWA BARAT,Sumedang,0,Miskin,10.71,10262,72.62
JAWA BARAT,Indramayu,0,Miskin,13.04,9810,71.84
JAWA BARAT,Subang,0,Miskin,10.03,10854,72.58
JAWA BARAT,Purwakarta,0,Miskin,8.83,11669,71.18
JAWA BARAT,Karawang,0,Miskin,8.95,11522,72.33
JAWA BARAT,Bekasi,0,Miskin,5.21,11341,73.81
JAWA BARAT,Bandung Barat,0,Miskin,11.3,8546,72.52
JAWA BARAT,Pangandaran,0,Miskin,9.65,9065,71.6
JAWA BARAT,Kota Bogor,0,Miskin,7.24,11716,73.82
JAWA BARAT,Kota Sukabumi,0,Miskin,8.25,10942,72.58
JAWA BARAT,Kota Bandung,0,Miskin,4.37,16996,74.46
JAWA BARAT,Kota Cirebon,0,Miskin,10.03,11810,72.44
JAWA BARAT,Kota Bekasi,0,Miskin,4.74,15903,75.19
JAWA BARAT,Kota Depok,0,Miskin,2.58,15420,74.62
JAWA BARAT,Kota Cimahi,0,Miskin,5.35,12019,74.21
JAWA BARAT,Kota Tasikmalaya,0,Miskin,13.13,10213,72.34
JAWA BARAT,Kota Banjar,0,Miskin,7.11,10476,71.19
JAWA TENGAH,Cilacap,0,Miskin,11.67,10534,73.9
JAWA TENGAH,Banyumas,0,Miskin,13.66,11546,73.8
JAWA TENGAH,Purbalingga,0,Miskin,16.24,10032,73.21
JAWA TENGAH,Banjarnegara,0,Miskin,16.23,9407,74.28
JAWA TENGAH,Kebumen,0,Miskin,17.83,9028,73.55
JAWA TENGAH,Purworejo,0,Miskin,12.4,10275,74.87
JAWA TENGAH,Wonosobo,0,Miskin,17.67,10760,71.94
JAWA TENGAH,Magelang,0,Miskin,11.91,9440,73.88
JAWA TENGAH,Boyolali,0,Miskin,10.62,13031,76.03
JAWA TENGAH,Klaten,0,Miskin,13.49,12017,76.86
JAWA TENGAH,Sukoharjo,0,Miskin,8.23,11428,77.73
JAWA TENGAH,Wonogiri,0,Miskin,11.55,9429,76.28
JAWA TENGAH,Karanganyar,0,Miskin,10.68,11509,77.55
JAWA TENGAH,Sragen,0,Miskin,13.83,12679,75.79
JAWA TENGAH,Grobogan,0,Miskin,12.74,10294,74.84
JAWA TENGAH,Blora,0,Miskin,12.39,9669,74.51
JAWA TENGAH,Rembang,0,Miskin,15.8,10519,74.61
JAWA TENGAH,Pati,0,Miskin,10.21,10506,76.27
JAWA TENGAH,Kudus,0,Miskin,7.6,11272,76.68
JAWA TENGAH,Jepara,0,Miskin,7.44,10536,75.91
JAWA TENGAH,Demak,0,Miskin,12.92,10248,75.46
JAWA TENGAH,Semarang,0,Miskin,7.82,12070,75.79
JAWA TENGAH,Temanggung,0,Miskin,10.17,9408,75.64
JAWA TENGAH,Kendal,0,Miskin,10.24,11608,74.48
JAWA TENGAH,Batang,0,Miskin,9.68,9524,74.74
JAWA TENGAH,Pekalongan,0,Miskin,10.57,10409,73.74
JAWA TENGAH,Pemalang,0,Miskin,16.56,8573,73.53
JAWA TENGAH,Tegal,0,Miskin,8.6,9700,71.72
JAWA TENGAH,Brebes,0,Miskin,17.43,10152,69.54
JAWA TENGAH,Kota Magelang,0,Miskin,7.75,12349,76.93
JAWA TENGAH,Kota Surakarta,0,Miskin,9.4,14911,77.32
JAWA TENGAH,Kota Salatiga,0,Miskin,5.14,15843,77.55
JAWA TENGAH,Kota Semarang,0,Miskin,4.56,15425,77.51
JAWA TENGAH,Kota Pekalongan,0,Miskin,7.59,12598,74.44
JAWA TENGAH,Kota Tegal,0,Miskin,8.12,13143,74.54
D I YOGYAKARTA,Kulon Progo,0,Miskin,18.38,10069,75.27
D I YOGYAKARTA,Bantul,0,Miskin,14.04,15545,73.89
D I YOGYAKARTA,Gunung Kidul,0,Miskin,17.69,9505,74.19
D I YOGYAKARTA,Sleman,0,Miskin,8.64,16060,74.92
D I YOGYAKARTA,Kota Yogyakarta,0,Miskin,7.69,18801,74.76
JAWA TIMUR,Pacitan,0,Miskin,15.11,8887,72.07
JAWA TIMUR,Ponorogo,0,Miskin,10.26,9851,72.85
JAWA TIMUR,Trenggalek,0,Miskin,12.14,9743,73.86
JAWA TIMUR,Tulungagung,0,Miskin,7.51,10807,74.16
JAWA TIMUR,Blitar,0,Miskin,9.65,10757,73.61
JAWA TIMUR,Kediri,0,Miskin,11.64,11127,72.65
JAWA TIMUR,Malang,0,Miskin,10.5,10163,72.61
JAWA TIMUR,Lumajang,0,Miskin,10.05,9203,70.21
JAWA TIMUR,Jember,0,Miskin,10.41,9410,69.28
JAWA TIMUR,Banyuwangi,0,Miskin,8.07,12217,70.72
JAWA TIMUR,Bondowoso,0,Miskin,14.73,10690,66.89
JAWA TIMUR,Situbondo,0,Miskin,12.63,9996,69.24
JAWA TIMUR,Probolinggo,1,Sangat Miskin,18.91,10969,67.36
JAWA TIMUR,Pasuruan,0,Miskin,9.7,10297,70.25
JAWA TIMUR,Sidoarjo,0,Miskin,5.93,14578,74.06
JAWA TIMUR,Mojokerto,0,Miskin,10.62,12844,72.59
JAWA TIMUR,Jombang,0,Miskin,10.0,11394,72.49
JAWA TIMUR,Nganjuk,0,Miskin,11.85,12172,71.6
JAWA TIMUR,Madiun,0,Miskin,11.91,11658,71.5
JAWA TIMUR,Magetan,0,Miskin,10.66,11833,72.65
JAWA TIMUR,Ngawi,0,Miskin,15.57,11459,72.41
JAWA TIMUR,Bojonegoro,0,Miskin,13.27,10221,71.72
JAWA TIMUR,Tuban,0,Miskin,16.31,10380,71.56
JAWA TIMUR,Lamongan,0,Miskin,13.86,11510,72.49
JAWA TIMUR,Gresik,0,Miskin,12.42,13280,72.67
JAWA TIMUR,Bangkalan,1,Sangat Miskin,21.57,8673,70.22
JAWA TIMUR,Sampang,1,Sangat Miskin,23.76,8790,68.07
JAWA TIMUR,Pamekasan,1,Sangat Miskin,15.3,8804,67.67
JAWA TIMUR,Sumenep,1,Sangat Miskin,20.51,9000,71.56
JAWA TIMUR,Kota Kediri,0,Miskin,7.75,12359,74.04
JAWA TIMUR,Kota Blitar,0,Miskin,7.89,13816,73.86
JAWA TIMUR,Kota Malang,0,Miskin,4.62,16663,73.36
JAWA TIMUR,Kota Probolinggo,0,Miskin,7.44,12245,70.35
JAWA TIMUR,Kota Pasuruan,0,Miskin,6.88,13354,71.6
JAWA TIMUR,Kota Mojokerto,0,Miskin,6.39,13610,73.39
JAWA TIMUR,Kota Madiun,0,Miskin,5.09,16095,72.83
JAWA TIMUR,Kota Surabaya,0,Miskin,5.23,17862,74.18
JAWA TIMUR,Kota Batu,0,Miskin,4.09,12887,72.65
BANTEN,Pandeglang,1,Sangat Miskin,10.72,8635,64.79
BANTEN,Lebak,0,Miskin,10.29,8724,67.33
BANTEN,Tangerang,0,Miskin,7.12,12273,69.93
BANTEN,Serang,0,Miskin,5.49,10713,64.76
BANTEN,Kota Tangerang,0,Miskin,5.93,14575,71.6
BANTEN,Kota Cilegon,0,Miskin,4.24,13041,66.69
BANTEN,Kota Serang,0,Miskin,6.79,13281,68.12
BANTEN,Kota Tangerang Selatan,0,Miskin,2.57,15751,72.47
BALI,Jembrana,0,Miskin,5.06,11675,72.46
BALI,Tabanan,0,Miskin,5.12,14326,73.75
BALI,Badung,0,Miskin,2.62,17327,75.18
BALI,Gianyar,0,Miskin,4.85,14391,73.78
BALI,Klungkung,0,Miskin,5.64,11287,71.41
BALI,Bangli,0,Miskin,5.09,11201,70.62
BALI,Karang Asem,0,Miskin,6.78,10175,70.56
BALI,Buleleng,0,Miskin,6.12,13362,71.95
BALI,Kota Denpasar,0,Miskin,2.96,19598,74.93
NUSA TENGGARA BARAT,Lombok Barat,0,Miskin,14.47,11334,67.19
NUSA TENGGARA BARAT,Lombok Tengah,1,Sangat Miskin,13.44,9962,66.38
NUSA TENGGARA BARAT,Lombok Timur,1,Sangat Miskin,15.38,9450,66.16
NUSA TENGGARA BARAT,Sumbawa,0,Miskin,13.91,9167,67.73
NUSA TENGGARA BARAT,Dompu,0,Miskin,12.6,8899,66.99
NUSA TENGGARA BARAT,Bima,1,Sangat Miskin,14.88,8495,66.5
NUSA TENGGARA BARAT,Sumbawa Barat,0,Miskin,13.54,11548,68.31
NUSA TENGGARA BARAT,Lombok Utara,1,Sangat Miskin,27.04,9057,67.36
NUSA TENGGARA BARAT,Kota Mataram,0,Miskin,8.65,14999,71.88
NUSA TENGGARA BARAT,Kota Bima,0,Miskin,8.88,11135,70.5
NUSA TENGGARA TIMUR,Sumba Barat,1,Sangat Miskin,28.39,7307,67.12
NUSA TENGGARA TIMUR,Sumba Timur,1,Sangat Miskin,29.68,9354,65.16
NUSA TENGGARA TIMUR,Kupang,1,Sangat Miskin,22.98,7476,64.91
NUSA TENGGARA TIMUR,Timor Tengah Selatan,1,Sangat Miskin,26.64,6839,66.46
NUSA TENGGARA TIMUR,Timor Tengah Utara,1,Sangat Miskin,22.62,6324,67.09
NUSA TENGGARA TIMUR,Belu,1,Sangat Miskin,15.68,7431,64.89
NUSA TENGGARA TIMUR,Alor,1,Sangat Miskin,21.09,6751,61.64
NUSA TENGGARA TIMUR,Lembata,1,Sangat Miskin,26.21,7257,67.2
NUSA TENGGARA TIMUR,Flores Timur,1,Sangat Miskin,11.14,7578,65.31
NUSA TENGGARA TIMUR,Sikka,1,Sangat Miskin,13.35,8021,67.45
NUSA TENGGARA TIMUR,Ende,1,Sangat Miskin,24.13,9027,65.43
NUSA TENGGARA TIMUR,Ngada,0,Miskin,12.58,8819,68.12
NUSA TENGGARA TIMUR,Manggarai,1,Sangat Miskin,20.48,7133,67.11
NUSA TENGGARA TIMUR,Rote Ndao,1,Sangat Miskin,28.08,6503,64.88
NUSA TENGGARA TIMUR,Manggarai Barat,1,Sangat Miskin,17.92,7410,67.46
NUSA TENGGARA TIMUR,Sumba Tengah,1,Sangat Miskin,34.27,6061,68.42
NUSA TENGGARA TIMUR,Sumba Barat Daya,1,Sangat Miskin,28.18,6355,68.57
NUSA TENGGARA TIMUR,Nagekeo,1,Sangat Miskin,12.91,8254,67.25
NUSA TENGGARA TIMUR,Manggarai Timur,1,Sangat Miskin,26.5,5780,68.07
NUSA TENGGARA TIMUR,Sabu Raijua,1,Sangat Miskin,30.13,5256,60.66
NUSA TENGGARA TIMUR,Malaka,1,Sangat Miskin,16.33,5861,65.01
NUSA TENGGARA TIMUR,Kota Kupang,0,Miskin,9.17,13218,69.73
KALIMANTAN BARAT,Sambas,0,Miskin,7.66,9828,69.08
KALIMANTAN BARAT,Bengkayang,0,Miskin,6.48,9193,73.84
KALIMANTAN BARAT,Landak,0,Miskin,10.99,7431,73.04
KALIMANTAN BARAT,Pontianak,0,Miskin,5.18,7758,71.18
KALIMANTAN BARAT,Sanggau,0,Miskin,4.55,8328,71.42
KALIMANTAN BARAT,Ketapang,0,Miskin,10.13,9209,71.11
KALIMANTAN BARAT,Sintang,0,Miskin,9.28,8708,71.84
KALIMANTAN BARAT,Kapuas Hulu,0,Miskin,8.93,7168,72.53
KALIMANTAN BARAT,Sekadau,0,Miskin,6.26,7462,72.05
KALIMANTAN BARAT,Melawi,0,Miskin,12.01,8415,72.98
KALIMANTAN BARAT,Kayong Utara,0,Miskin,9.33,7920,68.48
KALIMANTAN BARAT,Kubu Raya,0,Miskin,4.34,8630,70.69
KALIMANTAN BARAT,Kota Pontianak,0,Miskin,4.58,14610,73.12
KALIMANTAN BARAT,Kota Singkawang,0,Miskin,4.83,11767,72.18
KALIMANTAN TENGAH,Kotawaringin Barat,0,Miskin,3.95,13117,70.68
KALIMANTAN TENGAH,Kotawaringin Timur,0,Miskin,5.91,11866,69.9
KALIMANTAN TENGAH,Kapuas,0,Miskin,5.35,11148,68.78
KALIMANTAN TENGAH,Barito Selatan,0,Miskin,4.62,11492,67.19
KALIMANTAN TENGAH,Barito Utara,0,Miskin,5.61,9951,71.3
KALIMANTAN TENGAH,Sukamara,0,Miskin,3.66,8773,71.56
KALIMANTAN TENGAH,Lamandau,0,Miskin,3.56,11234,69.39
KALIMANTAN TENGAH,Seruyan,0,Miskin,7.22,9420,69.26
KALIMANTAN TENGAH,Katingan,0,Miskin,5.25,10568,65.87
KALIMANTAN TENGAH,Pulang Pisau,0,Miskin,4.24,10082,68.1
KALIMANTAN TENGAH,Gunung Mas,0,Miskin,5.35,10809,70.46
KALIMANTAN TENGAH,Barito Timur,0,Miskin,6.38,11322,68.31
KALIMANTAN TENGAH,Murung Raya,0,Miskin,6.15,10449,69.53
KALIMANTAN TENGAH,Kota Palangka Raya,0,Miskin,3.75,14070,73.24
KALIMANTAN SELATAN,Tanah Laut,0,Miskin,4.57,11310,69.59
KALIMANTAN SELATAN,Kota Baru,0,Miskin,4.86,11720,69.32
KALIMANTAN SELATAN,Banjar,0,Miskin,3.04,12707,67.41
KALIMANTAN SELATAN,Barito Kuala,0,Miskin,5.11,9868,66.27
KALIMANTAN SELATAN,Tapin,0,Miskin,3.6,11952,70.57
KALIMANTAN SELATAN,Hulu Sungai Selatan,0,Miskin,4.84,12736,66.12
KALIMANTAN SELATAN,Hulu Sungai Tengah,0,Miskin,6.18,12280,66.2
KALIMANTAN SELATAN,Hulu Sungai Utara,0,Miskin,6.83,9644,64.1
KALIMANTAN SELATAN,Tabalong,0,Miskin,6.27,11470,70.57
KALIMANTAN SELATAN,Tanah Bumbu,0,Miskin,4.82,11844,70.45
KALIMANTAN SELATAN,Balangan,0,Miskin,6.07,11500,67.85
KALIMANTAN SELATAN,Kota Banjarmasin,0,Miskin,4.89,14432,71.29
KALIMANTAN SELATAN,Kota Banjar Baru,0,Miskin,4.4,13789,72.1
KALIMANTAN TIMUR,Paser,0,Miskin,9.73,10673,72.88
KALIMANTAN TIMUR,Kutai Barat,0,Miskin,10.24,10062,73.1
KALIMANTAN TIMUR,Kutai Kartanegara,0,Miskin,7.99,11048,72.64
KALIMANTAN TIMUR,Kutai Timur,0,Miskin,9.81,10868,73.46
KALIMANTAN TIMUR,Berau,0,Miskin,5.88,12435,72.32
KALIMANTAN TIMUR,Penajam Paser Utara,0,Miskin,7.61,11651,71.68
KALIMANTAN TIMUR,Mahakam Hulu,0,Miskin,11.9,7802,72.33
KALIMANTAN TIMUR,Kota Balikpapan,0,Miskin,2.89,14862,74.76
KALIMANTAN TIMUR,Kota Samarinda,0,Miskin,4.99,14582,74.54
KALIMANTAN TIMUR,Kota Bontang,0,Miskin,4.62,16765,74.55
KALIMANTAN UTARA,Malinau,0,Miskin,7.3,9928,71.49
KALIMANTAN UTARA,Bulungan,0,Miskin,10.03,9423,72.74
KALIMANTAN UTARA,Tana Tidung,0,Miskin,5.15,7676,71.49
KALIMANTAN UTARA,Nunukan,0,Miskin,6.79,7064,71.4
KALIMANTAN UTARA,Kota Tarakan,0,Miskin,6.71,11261,74.04
SULAWESI UTARA,Bolaang Mongondow,0,Miskin,7.58,10220,69.45
SULAWESI UTARA,Minahasa,0,Miskin,7.67,12481,71.16
SULAWESI UTARA,Kepulauan Sangihe,0,Miskin,11.02,11524,70.18
SULAWESI UTARA,Kepulauan Talaud,0,Miskin,9.0,8558,70.24
SULAWESI UTARA,Minahasa Selatan,0,Miskin,9.37,11554,70.01
SULAWESI UTARA,Minahasa Utara,0,Miskin,7.11,11481,71.4
SULAWESI UTARA,Bolaang Mongondow Utara,0,Miskin,8.03,9143,67.73
SULAWESI UTARA,Siau Tagulandang Biaro,0,Miskin,8.94,8145,70.87
SULAWESI UTARA,Minahasa Tenggara,0,Miskin,12.47,10479,70.21
SULAWESI UTARA,Bolaang Mongondow Selatan,1,Sangat Miskin,12.85,8939,64.49
SULAWESI UTARA,Bolaang Mongondow Timur,0,Miskin,6.1,9115,67.94
SULAWESI UTARA,Kota Manado,0,Miskin,6.19,13991,71.9
SULAWESI UTARA,Kota Bitung,0,Miskin,6.43,12271,71.1
SULAWESI UTARA,Kota Tomohon,0,Miskin,5.69,11851,72.06
SULAWESI UTARA,Kota Kotamobagu,0,Miskin,5.74,10848,70.6
SULAWESI TENGAH,Banggai Kepulauan,1,Sangat Miskin,13.72,7453,66.59
SULAWESI TENGAH,Banggai,0,Miskin,7.83,9603,70.88
SULAWESI TENGAH,Morowali,0,Miskin,13.75,11028,69.23
SULAWESI TENGAH,Poso,0,Miskin,15.92,8850,71.19
SULAWESI TENGAH,Donggala,1,Sangat Miskin,16.73,8002,67.5
SULAWESI TENGAH,Toli-Toli,1,Sangat Miskin,13.51,7947,66.18
SULAWESI TENGAH,Buol,0,Miskin,14.06,7974,69.05
SULAWESI TENGAH,Parigi Moutong,1,Sangat Miskin,15.28,9675,64.35
SULAWESI TENGAH,Tojo Una-Una,1,Sangat Miskin,16.6,7621,65.9
SULAWESI TENGAH,Sigi,0,Miskin,13.05,8171,70.09
SULAWESI TENGAH,Banggai Laut,1,Sangat Miskin,14.17,7707,65.67
SULAWESI TENGAH,Morowali Utara,0,Miskin,13.9,8890,69.71
SULAWESI TENGAH,Kota Palu,0,Miskin,7.17,14894,71.09
SULAWESI SELATAN,Kepulauan Selayar,0,Miskin,12.45,9060,68.52
SULAWESI SELATAN,Bulukumba,0,Miskin,7.43,10632,68.1
SULAWESI SELATAN,Bantaeng,0,Miskin,9.41,11829,70.6
SULAWESI SELATAN,Jeneponto,1,Sangat Miskin,14.28,9215,66.49
SULAWESI SELATAN,Takalar,0,Miskin,8.25,10543,67.3
SULAWESI SELATAN,Gowa,0,Miskin,7.54,9504,70.45
SULAWESI SELATAN,Sinjai,0,Miskin,8.84,9505,67.38
SULAWESI SELATAN,Maros,0,Miskin,9.57,11032,69.04
SULAWESI SELATAN,Pangkajene Dan Kepulauan,0,Miskin,14.28,11519,66.78
SULAWESI SELATAN,Barru,0,Miskin,8.68,11017,69.07
SULAWESI SELATAN,Bone,0,Miskin,10.52,9030,67.21
SULAWESI SELATAN,Soppeng,0,Miskin,7.53,9558,69.81
SULAWESI SELATAN,Wajo,0,Miskin,6.46,12505,67.48
SULAWESI SELATAN,Sidenreng Rappang,0,Miskin,5.04,12201,70.01
SULAWESI SELATAN,Pinrang,0,Miskin,8.81,11956,69.77
SULAWESI SELATAN,Enrekang,0,Miskin,12.47,10973,70.93
SULAWESI SELATAN,Luwu,0,Miskin,12.53,10116,70.44
SULAWESI SELATAN,Tana Toraja,0,Miskin,12.27,7434,73.4
SULAWESI SELATAN,Luwu Utara,0,Miskin,13.59,11736,68.67
SULAWESI SELATAN,Luwu Timur,0,Miskin,6.94,12886,70.63
SULAWESI SELATAN,Toraja Utara,0,Miskin,11.99,8134,73.41
SULAWESI SELATAN,Kota Makassar,0,Miskin,4.82,17097,72.13
SULAWESI SELATAN,Kota Parepare,0,Miskin,5.4,13786,71.31
SULAWESI SELATAN,Kota Palopo,0,Miskin,8.14,13117,70.92
SULAWESI TENGGARA,Buton,1,Sangat Miskin,13.92,7324,68.39
SULAWESI TENGGARA,Muna,0,Miskin,13.54,8218,70.41
SULAWESI TENGGARA,Konawe,0,Miskin,13.03,10151,70.32
SULAWESI TENGGARA,Kolaka,0,Miskin,12.43,12525,71.21
SULAWESI TENGGARA,Konawe Selatan,0,Miskin,11.34,9059,70.87
SULAWESI TENGGARA,Bombana,0,Miskin,10.76,8310,69.09
SULAWESI TENGGARA,Wakatobi,0,Miskin,14.91,9280,70.48
SULAWESI TENGGARA,Kolaka Utara,0,Miskin,13.79,10244,70.36
SULAWESI TENGGARA,Buton Utara,0,Miskin,14.89,7496,70.93
SULAWESI TENGGARA,Konawe Utara,0,Miskin,14.32,9181,69.53
SULAWESI TENGGARA,Kolaka Timur,0,Miskin,14.35,7753,72.82
SULAWESI TENGGARA,Konawe Kepulauan,1,Sangat Miskin,17.81,6738,68.43
SULAWESI TENGGARA,Muna Barat,0,Miskin,13.96,7502,70.35
SULAWESI TENGGARA,Buton Tengah,1,Sangat Miskin,15.8,7244,67.69
SULAWESI TENGGARA,Buton Selatan,1,Sangat Miskin,14.62,7279,67.69
SULAWESI TENGGARA,Kota Kendari,0,Miskin,4.87,14356,73.83
SULAWESI TENGGARA,Kota Baubau,0,Miskin,7.78,10503,71.25
GORONTALO,Boalemo,1,Sangat Miskin,19.0,8940,69.3
GORONTALO,Gorontalo,1,Sangat Miskin,17.89,9412,67.69
GORONTALO,Pohuwato,1,Sangat Miskin,18.08,10409,64.3
GORONTALO,Bone Bolango,0,Miskin,16.3,10198,68.52
GORONTALO,Gorontalo Utara,1,Sangat Miskin,17.23,9064,65.93
GORONTALO,Kota Gorontalo,0,Miskin,5.93,12390,72.53
SULAWESI BARAT,Majene,1,Sangat Miskin,14.34,10028,61.77
SULAWESI BARAT,Polewali Mandar,1,Sangat Miskin,15.68,8548,62.53
SULAWESI BARAT,Mamasa,0,Miskin,13.77,7736,70.94
SULAWESI BARAT,Mamuju,0,Miskin,7.46,9494,67.77
SULAWESI BARAT,Mamuju Utara,0,Miskin,4.77,11072,66.45
SULAWESI BARAT,Mamuju Tengah,0,Miskin,7.13,8408,68.55
MALUKU,Maluku Tenggara Barat,1,Sangat Miskin,27.27,6335,63.45
MALUKU,Maluku Tenggara,1,Sangat Miskin,22.73,7580,65.14
MALUKU,Maluku Tengah,1,Sangat Miskin,19.84,10243,66.45
MALUKU,Buru,1,Sangat Miskin,17.28,10347,66.44
MALUKU,Kepulauan Aru,1,Sangat Miskin,26.53,7623,62.96
MALUKU,Seram Bagian Barat,1,Sangat Miskin,25.27,8720,61.85
MALUKU,Seram Bagian Timur,1,Sangat Miskin,23.25,9480,59.62
MALUKU,Maluku Barat Daya,1,Sangat Miskin,29.55,6918,62.55
MALUKU,Buru Selatan,1,Sangat Miskin,15.89,7600,66.36
MALUKU,Kota Ambon,0,Miskin,5.02,14148,70.63
MALUKU,Kota Tual,1,Sangat Miskin,23.26,7405,65.68
MALUKU UTARA,Halmahera Barat,0,Miskin,8.95,7467,66.34
MALUKU UTARA,Halmahera Tengah,1,Sangat Miskin,13.52,7966,64.15
MALUKU UTARA,Kepulauan Sula,1,Sangat Miskin,8.23,7040,63.39
MALUKU UTARA,Halmahera Selatan,0,Miskin,5.19,7142,65.93
MALUKU UTARA,Halmahera Utara,0,Miskin,5.22,7519,69.61
MALUKU UTARA,Halmahera Timur,1,Sangat Miskin,15.04,7973,69.08
MALUKU UTARA,Pulau Morotai,0,Miskin,6.52,6378,67.35
MALUKU UTARA,Pulau Taliabu,1,Sangat Miskin,7.49,6467,62.22
MALUKU UTARA,Kota Ternate,0,Miskin,3.55,13290,71.06
MALUKU UTARA,Kota Tidore Kepulauan,0,Miskin,6.58,8316,69.43
PAPUA BARAT,Fakfak,1,Sangat Miskin,22.86,7446,68.5
PAPUA BARAT,Kaimana,1,Sangat Miskin,16.04,8151,64.93
PAPUA BARAT,Teluk Wondama,1,Sangat Miskin,31.61,8034,60.24
PAPUA BARAT,Teluk Bintuni,1,Sangat Miskin,29.79,9708,60.99
PAPUA BARAT,Manokwari,1,Sangat Miskin,20.56,11977,68.82
PAPUA BARAT,Sorong Selatan,1,Sangat Miskin,18.55,6188,66.39
PAPUA BARAT,Sorong,1,Sangat Miskin,27.78,7350,66.22
PAPUA BARAT,Raja Ampat,1,Sangat Miskin,17.5,7882,64.83
PAPUA BARAT,Tambrauw,1,Sangat Miskin,33.86,4903,60.2
PAPUA BARAT,Maybrat,1,Sangat Miskin,31.39,5245,65.25
PAPUA BARAT,Manokwari Selatan,1,Sangat Miskin,29.3,5505,67.6
PAPUA BARAT,Pegunungan Arfak,1,Sangat Miskin,34.7,5009,67.26
PAPUA BARAT,Kota Sorong,0,Miskin,15.35,13744,70.93
PAPUA,Merauke,0,Miskin,10.16,10201,67.07
PAPUA,Jayawijaya,1,Sangat Miskin,37.09,7545,59.9
PAPUA,Jayapura,0,Miskin,12.13,9989,67.16
PAPUA,Nabire,1,Sangat Miskin,23.83,8856,68.15
PAPUA,Kepulauan Yapen,1,Sangat Miskin,26.09,7491,69.17
PAPUA,Biak Numfor,1,Sangat Miskin,24.45,9607,68.29
PAPUA,Paniai,1,Sangat Miskin,36.59,6377,66.62
PAPUA,Puncak Jaya,1,Sangat Miskin,36.0,5289,65.33
PAPUA,Mimika,0,Miskin,14.17,11400,72.36
PAPUA,Boven Digoel,1,Sangat Miskin,19.9,7864,60.32
PAPUA,Mappi,1,Sangat Miskin,26.05,6327,65.31
PAPUA,Asmat,1,Sangat Miskin,24.83,5736,58.59
PAPUA,Yahukimo,1,Sangat Miskin,37.64,4895,66.05
PAPUA,Pegunungan Bintang,1,Sangat Miskin,30.46,5429,64.54
PAPUA,Tolikara,1,Sangat Miskin,32.6,4841,65.83
PAPUA,Sarmi,1,Sangat Miskin,13.84,6617,66.46
PAPUA,Keerom,1,Sangat Miskin,16.0,8926,66.78
PAPUA,Waropen,1,Sangat Miskin,29.85,6788,66.42
PAPUA,Supiori,1,Sangat Miskin,37.91,5708,66.06
PAPUA,Mamberamo Raya,1,Sangat Miskin,28.78,4603,58.0
PAPUA,Nduga *,1,Sangat Miskin,37.18,3976,55.43
PAPUA,Lanny Jaya,1,Sangat Miskin,38.73,4393,66.11
PAPUA,Mamberamo Tengah,1,Sangat Miskin,36.76,4487,63.75
PAPUA,Yalimo,1,Sangat Miskin,33.25,4664,65.49
PAPUA,Puncak,1,Sangat Miskin,36.26,5412,65.86
PAPUA,Dogiyai,1,Sangat Miskin,28.81,5415,65.85
PAPUA,Intan Jaya,1,Sangat Miskin,41.66,5328,65.69
PAPUA,Deiyai,1,Sangat Miskin,40.59,4673,65.36
PAPUA,Kota Jayapura,0,Miskin,11.39,14937,70.52
